{"a": 0.9838386486641599, "b": 0.0028417345228260987}
