{"a": 1.08236346940627, "b": -0.00015018510094881682}
